Index,Features_x,Features_y,Class,Predictions
0,-0.23761325714806292,7.01892935581347,1,1
1,0.7887325197635534,-4.750897611739612,0,0
2,-0.017826413693408205,-4.928430633266872,0,0
3,-1.8639684572997153,8.518157124432157,1,1
4,-1.010003146158959,6.747582869760881,1,1
5,-0.4846846403549212,7.721890493885182,1,1
6,0.28927301102832026,-5.632063497318009,0,0
7,-0.5232800201106651,8.033060428481528,1,1
8,2.138853740298214,-5.4360868328356045,0,0
9,0.4713738859561676,-4.466159325462742,0,0
10,-3.2615255609329417,6.228066506333408,1,1
11,0.9249709970455688,-5.256111169757408,0,0
12,-2.0101225964313247,7.583148597451424,1,1
13,-1.6164318639603708,6.024219999374396,1,1
14,-1.5002177645625554,7.27968701135939,1,1
15,1.481137717506855,-3.6964070848002533,0,0
16,1.6185435973534872,-4.888559225592079,0,0
17,0.991651465004636,-2.8848831952984906,0,0
18,-0.5184637260592044,7.443132464028684,1,1
19,-1.2603381990422626,4.963993321300017,1,1
20,-2.0340831655600558,7.442575443973017,1,1
21,-2.160778701975563,7.864409494619772,1,1
22,3.1674683045749017,-5.372214741182839,0,0
23,-2.2306760302387243,7.518744320429301,1,1
24,0.8198371320233777,-4.467639348312985,0,0
25,-0.9507823970683721,5.524199399250955,1,1
26,-1.3962224154247613,6.126006666704857,1,1
27,-0.5691933655855189,6.817080583559752,1,1
28,-0.2587294478378208,-3.31787840549252,0,0
29,-1.6763692280302744,6.178555067080165,1,1
30,0.8304321652220695,-3.6010792682189336,0,0
31,1.537046144883455,-4.152289994620343,0,0
32,2.707969771002401,-4.44464806604629,0,0
33,-0.20156743082085393,-4.206773552353327,0,0
34,2.06476029593932,-4.897454868395958,0,0
35,-2.0374312253392812,6.8392762224606924,1,1
36,1.1059434577429306,-4.419063749495465,0,0
37,2.1091809230159133,-2.7690759873867696,0,0
38,2.1568013921149163,-4.575147494149924,0,0
39,0.5900651187091792,-3.6669168720154954,0,0
40,-1.5498436602930978,7.780612538266738,1,1
41,-0.7780846302700275,7.103616329850241,1,1
42,-1.2009729235686604,7.352279446949083,1,1
43,-0.7452330879756822,5.836022915243363,1,1
44,0.34245364100383546,-5.017501630584025,0,0
45,-2.153776058886666,5.765496420652791,1,1
46,-0.8365523699416537,-5.56887330495144,0,0
47,0.39907103207169964,-3.6456308328803635,0,0
48,1.4832510212120664,-3.527546857723033,0,0
49,-0.7548260918394598,8.676747224560348,1,1
50,0.9563287702447937,-5.035371667947791,0,0
51,1.3668493246235367,-5.51043837519126,0,0
52,-1.9311461009388793,6.084331661882784,1,1
53,-0.15128699156804726,6.597463746221039,1,1
54,0.8809657200040327,-5.781124182542531,0,0
55,-0.15510000540011815,-3.894146286882473,0,0
56,0.13793255559447137,-4.2982294866804605,0,0
57,-1.2357284759421248,6.67290597948358,1,1
58,0.6892048363005666,-3.2543731389237713,0,0
59,-0.7720775174844599,7.648441075922091,1,1
60,-1.6543679504620994,6.958922573521423,1,1
61,0.14057758496480477,-2.3671261608373477,0,0
62,-0.6645410864802408,6.5313362890988715,1,1
63,1.0892785050407092,-5.50265562869237,0,0
64,0.6192101687612008,-4.882788733135728,0,0
65,-1.4359366080017308,6.873165935253133,1,1
66,1.8782327186850278,-3.559949171892212,0,0
67,-0.5567800940397957,6.349725043571287,1,1
68,0.44438373587588825,-5.61859586305325,0,0
69,0.7591925741811993,-3.297410630655701,0,0
70,-1.7571667367885895,5.763281374712383,1,1
71,-1.3453617715718837,-4.456593060022683,0,0
72,-1.0122203122277553,6.651288127561148,1,1
73,-0.8011218548848604,6.7184780097510375,1,1
74,-0.5407436272840059,7.066293578366038,1,1
75,3.1567341271525517,-6.961559809008763,0,0
76,0.529115303726398,-4.57492460565958,0,0
77,-1.7260097765324145,5.880033289281411,1,1
78,-1.2945801380089466,6.368824443753224,1,1
79,0.6830847249221947,-6.919763833346847,0,0
80,-0.11521126331032128,-4.075104544956712,0,0
81,1.9057111709683523,-4.13006459648855,0,0
82,0.9553568165715137,-5.762057915920316,0,0
83,2.3586319330866514,-4.832003675134324,0,0
84,2.644092421326075,-3.9195379192844317,0,0
85,-0.9645697134980158,5.967990643110085,1,1
86,-2.2721389444008437,7.535293213817012,1,1
87,-1.61228558852538,5.423720244177652,1,1
88,1.784845787347233,-3.31289619644549,0,0
89,-0.40221920310617465,-3.797111129928624,0,0
90,-0.9876502144340179,7.459471985831971,1,1
91,-2.8381321535355446,7.826923394833391,1,1
92,0.6013206715820527,-5.288674320121935,0,0
93,1.0919229549099716,-4.80481128822552,0,0
94,0.46567998624020746,5.675135654732596,1,1
95,-1.5684474950140241,5.933393980151367,1,1
96,2.1050067210095342,-4.662896976551185,0,0
97,-1.9168497569789915,6.367189294739167,1,1
98,1.5500637198326008,-5.170601005205863,0,0
99,-2.3202739972464497,6.999350008503395,1,1
100,0.7920753700946853,-4.428654704136478,0,0
101,-0.5901430104673582,-4.443518890292027,0,0
102,-0.4003743297930624,7.641834929352933,1,1
103,-0.7868979634171616,-2.955476915836438,0,0
104,0.02490480790397176,5.8582811173494775,1,1
105,1.821058263811234,-5.415974941767015,0,0
106,0.49985327169178706,-5.980604861534158,0,0
107,-0.06882327525287169,-5.376882898561436,0,0
108,-1.9869420843001602,6.623852844727479,1,1
109,-0.12220812360086408,7.765179111098472,1,1
110,-0.9005424745690583,8.157479899420473,1,1
111,1.254832476022563,-3.7601158555907346,0,0
112,3.41738453459301,-6.07028792226123,0,0
113,-1.0894089345555589,5.187807756012806,1,1
114,-3.8505737014191608,6.475676566851624,1,1
115,-3.6692402354855704,7.169130149630497,1,1
116,0.24124493109100797,-4.707552106013675,0,0
117,-2.636133648049223,6.293820148530367,1,1
118,0.823203913674084,-3.787265855041933,0,0
119,-0.4878090197779912,-6.144195351241647,0,0
120,0.07101164439447527,5.210816231239333,1,1
121,2.1678469105746174,-6.165707921777358,0,0
122,0.2681157909704418,-2.856445573804871,0,0
123,1.6244757237467287,-3.6083230966194435,0,0
124,-1.7312566325990757,6.118753685161726,1,1
125,-0.8988300910437176,6.230233760839559,1,1
126,0.35043851209992727,-4.130435472915805,0,0
127,-1.678200706243294,5.842114859494303,1,1
128,-1.9150976602761223,9.203940057662791,1,1
129,2.164361422218366,-3.4803366720421867,0,0
130,-0.3199187614984107,-4.982358491659567,0,0
131,0.35366894445052344,-4.6486724181273384,0,0
132,-2.7059581564208512,6.216712436238566,1,1
133,1.5990991796541174,-3.0710561729787464,0,0
134,0.8132685985599425,-4.680623646396077,0,0
135,-0.3246725472098606,-3.0577528805841867,0,0
136,2.154116302920937,-4.6998375995431205,0,0
137,1.5582203060440163,-3.7457222319856722,0,0
138,-2.635587781348291,7.009059027026004,1,1
139,0.20861477335637357,-4.841678091228685,0,0
140,1.5667296061183182,-3.9596988334756733,0,0
141,-1.3412336710582653,6.502953870518474,1,1
142,0.6463771011361761,7.981016657982882,1,1
143,1.96178548547803,-4.662130051364033,0,0
144,1.996513587685281,-5.359860897491851,0,0
145,0.9738097860286961,-5.433959082167659,0,0
146,0.5956470270483453,-4.247819542610566,0,0
147,2.7446722627814744,-4.809515648293052,0,0
148,1.2291242521646877,-1.855634619092922,0,0
149,0.8046935144653315,-3.943558696233958,0,0
150,1.907737730705194,-5.363581950896698,0,0
151,-1.0146579123847248,6.050356180859973,1,1
152,0.7164088705406434,-3.089375415002817,0,0
153,1.1446298899102019,-5.3878281819468725,0,0
154,-0.7086349824531831,6.239354254979194,1,1
155,-3.0384351797551554,5.969884254300283,1,1
156,0.41642656516828863,-5.570154696779827,0,0
157,1.7626965415793219,-3.6729191782738715,0,0
158,0.4857584577732862,-5.418593109699012,0,0
159,-1.4537548249138312,6.761097024492102,1,1
160,-2.61013613124105,7.5293934601831465,1,1
161,0.6035151554548432,-4.079607114662645,0,0
162,-2.556275564835006,8.94530141784215,1,1
163,1.2716972512446645,-6.317446685443657,0,0
164,-0.8500847199256824,7.574542950908497,1,1
165,-3.3118819972557585,6.973468044791632,1,1
166,-2.671414718959605,7.064855739216704,1,1
167,-0.399397158340127,-4.341041053834929,0,0
168,-1.3493574351327995,5.472673099434951,1,1
169,-2.1351815855502823,8.086254255023956,1,1
170,-1.3037661388160373,6.186578901687399,1,1
171,1.247772057819622,-3.908388646170354,0,0
172,-1.4753595796712375,6.5616127156975015,1,1
173,1.9618470337945242,-5.81623445435819,0,0
174,1.5826308838110057,-6.222616217200234,0,0
175,0.0004393374529199079,-4.014197059286331,0,0
176,2.5717228239400134,-5.154763068179831,0,0
177,0.1571964132203416,-5.038796408233838,0,0
178,-0.9674471973628629,6.91666003020154,1,1
179,2.192336857915582,-4.700204219898054,0,0
180,0.3337050005162503,-5.6952165836002955,0,0
181,-0.5733946124707355,6.329340262649848,1,1
182,0.7801034303176677,-2.478182209221264,0,0
183,-1.5808185351410673,6.993386447313844,1,1
184,-1.5155722572685204,6.155025640139998,1,1
185,0.9769623036529882,-3.9248027076317573,0,0
186,0.6860780009949258,-5.43599301585412,0,0
187,-0.7166962874331569,5.357837823748675,1,1
188,-2.1015114122778504,7.550693174732967,1,1
189,-0.11839183602834047,7.502089907088408,1,1
190,-0.40953024482094036,-5.376932324063055,0,0
191,0.7602096590220735,-3.4292147409026867,0,0
192,-0.9873372264387899,7.7393326926761254,1,1
193,-1.2997887004346602,6.2440790621988596,1,1
194,1.4358523899155726,-4.359059747229696,0,0
195,1.8317957007180394,-3.9142687829681804,0,0
196,-3.0021683586384524,7.137568481765968,1,1
197,-2.4290973697807012,7.985675539041223,1,1
198,2.700034917644845,-4.429594864092863,0,0
199,-1.3909162592487099,4.590200222971921,1,1
200,1.9848670826281885,-4.446301153332224,0,0
201,0.5651947874268508,-2.933001736419767,0,0
202,0.5565737303270399,-4.972003320944125,0,0
203,-2.2464630266698595,7.145436327444802,1,1
204,1.5702833411790857,-5.716517108738387,0,0
205,2.4243072068025526,-4.635295120848507,0,0
206,-3.410017876481765,5.871586227140893,1,1
207,-1.4077105377636272,6.615013014546685,1,1
208,-1.1659311523953038,8.643044732782341,1,1
209,1.6261413339850692,-5.632052267592071,0,0
210,-1.9419681875732353,4.69783071973149,1,1
211,0.3196065555440992,-4.485247267896529,0,0
212,0.9698746087886253,-3.12426547147993,0,0
213,-1.2022179331526843,6.238003505947117,1,1
214,-1.5897310916075635,7.3902039454977935,1,1
215,-0.43365775340043466,-5.5687112726640775,0,0
216,-0.6394863244450775,-4.324728167317463,0,0
217,2.4870804964945683,-2.8910071236106702,0,0
218,-1.1755568429592278,5.758896733691427,1,1
219,-1.7151700910827041,5.93440412684113,1,1
220,-0.6105236557402731,7.832714180104354,1,1
221,-2.3847475704298944,5.513487920375358,1,1
222,-1.3971439226859703,6.987601695023718,1,1
223,-0.3126991917713231,-3.2516101363067786,0,0
224,1.1895431071136788,-4.199092928907586,0,0
225,1.4711525337226352,-5.49407993504572,0,0
226,1.0904984443746135,-5.875829293349414,0,0
227,-1.1727773788304436,4.965299375303855,1,1
228,-1.4010581588669568,-4.780782935857252,0,0
229,0.9650391791377178,-4.890842696400094,0,0
230,-3.6122207545826996,5.36100405841696,1,1
231,-1.0466312859204394,7.132898945732397,1,1
232,-2.1809467504831925,6.4706354381498405,1,1
233,0.48187893033001833,-3.0876620261798786,0,0
234,-1.362763734749313,7.405072019017478,1,1
235,-0.5814358299750303,8.92884596346158,1,1
236,-1.1811703472030626,8.038596071839649,1,1
237,-1.3621123761414873,7.215844084852765,1,1
238,1.3451911332369932,-5.862374960360292,0,0
239,2.4638617370997276,-3.4448652707836613,0,0
240,0.36453834981139865,-6.48351806117345,0,0
241,-2.0594599649997622,7.146220626020472,1,1
242,-3.7609833541608553,6.386397428529598,1,1
243,-2.348926904690791,5.992261366875259,1,1
244,0.02065284584218463,8.72825607652733,1,1
245,-0.9251274419101332,6.647372830734386,1,1
246,-2.714370714693451,7.9994537448751375,1,1
247,1.6735909419662498,-3.0778431582669876,0,0
248,-0.4986373687518675,6.262092596014549,1,1
249,0.9930528151693503,-5.497858452945108,0,0
250,-1.6816498257893904,6.860669956197558,1,1
251,-1.1002001190321362,7.866537720337915,1,1
252,-1.0588851994615394,6.056044921986833,1,1
253,-1.548150021313864,6.012341553015392,1,1
254,-1.515384481181986,7.574120153542586,1,1
255,-0.8146022697184602,9.469900063455338,1,1
256,-0.8517418383617699,8.586249803777847,1,1
257,1.6781967032183989,-6.499066021909034,0,0
258,0.1262656903303787,9.82518353983045,1,1
259,-2.0292645450115288,6.645951388701856,1,1
260,0.8394933095355123,-5.684889812232176,0,0
261,2.3235202965570827,-4.191105410248631,0,0
262,1.115966260767316,5.778722006247184,1,1
263,-2.837973058113485,8.731208107992078,1,1
264,-2.3640462604526564,7.073925245651244,1,1
265,0.42469084976265115,-3.693658397364125,0,0
266,0.2781314017531852,-3.570443379625975,0,0
267,-3.7775251061086967,5.459130617619267,1,1
268,-1.2648115380884093,-3.673407966722121,0,0
269,-1.9205470175175527,6.031827511687227,1,1
270,-0.46906621506581825,-4.844103250486482,0,0
271,-2.6506151461631755,7.481588607665202,1,1
272,1.189385774738044,-6.869638997538081,0,0
273,-2.523367887455281,7.09211771548243,1,1
274,-1.8972947047404465,6.574446931145875,1,1
275,2.105352348506693,-4.8888043642650105,0,0
276,-1.1343730141888115,6.937617965045791,1,1
277,-1.263215824165893,-4.169535608690789,0,0
278,-1.5496334623362786,6.983972842072248,1,1
279,0.7884875899019093,-5.3223437793891115,0,0
280,-1.4054963272109475,5.762793468214529,1,1
281,-2.0487168265948172,6.325570850143484,1,1
282,0.4902096554400628,6.105049935508412,1,1
283,-1.741214197358969,6.643482546897521,1,1
284,-1.9009909247000103,8.070944695030844,1,1
285,1.1564762560466328,-4.77169773140044,0,0
286,-1.8319569347377247,5.299641277366034,1,1
287,-0.8006410202366036,7.988787800844367,1,1
288,-4.184003133565028,7.539882008830685,1,1
289,-1.0018210089740591,7.311668622186679,1,1
290,-1.2779339261570244,5.366631507348016,1,1
291,-0.9252054891215863,5.816073694712001,1,1
292,-1.524921801830936,4.623083268548694,1,1
293,1.8830511245665098,-5.797955539947093,0,0
294,-1.6720610483786014,6.565846656322979,1,1
295,-0.04489048679660779,-4.882980621139184,0,0
296,-0.8305101213492301,7.3880848984251335,1,1
297,-3.0670222105965035,5.741636853677503,1,1
298,2.038625818767452,-2.3549000658738737,0,0
299,-1.6601362454850006,6.007561511633428,1,1
300,-0.9131790203849016,8.012472374400094,1,1
301,-0.5890253213808366,7.764172908139081,1,1
302,0.58250505649094,-5.0315349239161975,0,0
303,0.8094549231791398,-5.3066122180715505,0,0
304,1.4030264295680959,-6.082637492948434,0,0
305,1.4450328957623428,-4.346087449516505,0,0
306,-0.8868321145074946,5.518790876284694,1,1
307,1.5212746879626136,-3.8742653958400535,0,0
308,-0.1463732048780566,-3.5613962844056126,0,0
309,-0.6230491246904468,8.160560384941714,1,1
310,0.5323419972962233,-4.569241677406469,0,0
311,-0.5334713918368539,7.4440793069056586,1,1
312,0.08916452520323515,7.199828325993201,1,1
313,1.044469313974351,-5.308343139722854,0,0
314,-0.6296215452638609,-5.626498274916015,0,0
315,-1.78715690390142,7.420843512011102,1,1
316,-1.7616828777296945,8.563702087652409,1,1
317,1.1434923117604867,-2.0316939868027966,0,0
318,0.10152586014467346,-3.5904398078015807,0,0
319,0.563695989889939,-3.661793864747682,0,0
320,-1.54557654795881,6.242050324136767,1,1
321,0.8592001725271984,-4.975810306531249,0,0
322,0.07113790582656065,6.200183012874997,1,1
323,-2.0468673358598584,6.025565991870387,1,1
324,-0.24434880892632327,8.580553659328936,1,1
325,-2.32129018076225,6.80234911945597,1,1
326,1.440655587416541,-5.801328499194788,0,0
327,0.6075862150216569,-5.7601032808553665,0,0
328,1.0266974321806996,-2.3001255692951155,0,0
329,-0.5469440850332172,-5.073372221134649,0,0
330,1.0526175263832516,-3.495530097015125,0,0
331,1.0005266369680825,-4.410398370084686,0,0
332,1.6936580172863345,-4.691301888595592,0,0
333,0.6760297535800885,-4.666681188823179,0,0
334,2.390641928629778,-5.4490934103047,0,0
335,2.4963064716066192,-4.5085120651726225,0,0
336,2.406852495322462,-2.035539230890118,0,0
337,-1.557869820612014,6.712148054505915,1,1
338,-2.3251060542345763,10.148423448699234,1,1
339,-0.8394916346851949,6.358617875068192,1,1
340,0.00587148930882897,-3.1831425553970982,0,0
341,1.8318433668966185,-3.1788861638606267,0,0
342,-1.311690111628614,7.358654560234318,1,1
343,-1.3705614344628656,6.831009550884417,1,1
344,1.094310966960315,-5.001928868439951,0,0
345,-1.0675443108981906,8.815265204913205,1,1
346,-1.7825395411886324,7.07945898667414,1,1
347,0.7302401394882768,-4.504106415869375,0,0
348,1.196801291892144,-2.984610877248028,0,0
349,1.61855216614615,-5.739604637204897,0,0
350,-2.4249186696813316,5.598050891038803,1,1
351,-0.2951369863613533,-4.453788072424574,0,0
352,2.255700647227861,-6.168003445457151,0,0
353,-2.0792218321969567,6.747229689003296,1,1
354,-2.105216638231577,-4.399295019985214,0,0
355,-1.737802981600723,5.421757128784431,1,1
356,-3.5751082087675936,8.54347483610789,1,1
357,-0.5367153356847365,6.766208195511075,1,1
358,-2.2046580673612124,6.3874427835165,1,1
359,-1.6831042786389432,6.927446312288101,1,1
360,-0.19855726644541138,6.691227136457489,1,1
361,-1.63483302210004,5.991357437154719,1,1
362,-1.2987750149791035,5.343133939960571,1,1
363,-2.2399913984843263,7.94813486019623,1,1
364,0.6323478659510289,-4.610395223297919,0,0
365,0.7606347210765231,-5.160083132728856,0,0
366,-1.119705187913977,6.6675632405603995,1,1
367,-1.6281174851391913,6.768922015272096,1,1
368,-0.9348272537536795,6.674671161773017,1,1
369,0.5992224364509913,-4.13062930611808,0,0
370,-1.9240476782717866,6.333937852145875,1,1
371,-1.979741349635027,6.1763165191118485,1,1
372,-2.1869318712024013,6.223914823382913,1,1
373,-1.3666912325658929,6.83389508005768,1,1
374,-1.0049179885615516,8.173229405431295,1,1
375,0.7603226418561464,-3.9096949349730936,0,0
376,-1.0847353240643942,7.518344161152037,1,1
377,1.6255983602424595,-5.1370680012231045,0,0
378,4.726038509308949,-1.3570384046916533,0,0
379,-1.7142379634857685,5.992001920591668,1,1
380,1.9104315788406443,-3.3337363115572085,0,0
381,-2.217436193220527,6.607279951590505,1,1
382,0.2958349366118773,-1.687494333349004,0,1
383,-2.3803673945657984,8.341141040497213,1,1
384,-2.6542964746455744,5.972673053204973,1,1
385,-1.4533092407761348,7.257995321198335,1,1
386,0.7706630882218439,8.588113274383018,1,1
387,2.1063612489555474,-5.718186158537934,0,0
388,0.3236596741468444,-5.100784034937504,0,0
389,-2.4526269816460466,6.5368694954438995,1,1
390,1.081191084069702,-3.1042792059859616,0,0
391,-0.27367985858894883,-3.686210144421379,0,0
392,-0.5808794521239659,5.005458405384083,1,1
393,-0.9388315132200963,7.807009874183574,1,1
394,-0.5289005091339749,-5.5297842827639,0,0
395,-0.6173903002674707,7.039383642357733,1,1
396,-1.1198866582504117,5.003999475103194,1,1
397,0.6933172813678106,-3.4153479548729075,0,0
398,-2.343129830432751,8.06070442764463,1,1
399,-1.178362997112565,8.288394854039492,1,1
400,-0.46896666705349954,6.62845161282839,1,1
401,-0.2123976483979919,6.672616122332014,1,1
402,-2.234405551943664,6.881716876113373,1,1
403,1.1069948188489522,-4.941065183276332,0,0
404,-0.023241865981320498,5.267304874588456,1,1
405,0.3368184589673989,-3.402879612990731,0,0
406,-0.855552597988051,-5.458149552891094,0,0
407,-0.4375793412058493,6.981972886434051,1,1
408,-2.415734963961577,7.1100566834692085,1,1
409,1.8396523990686138,-5.490991740845952,0,0
410,-0.8240660912912112,6.675449550400331,1,1
411,-0.7674305635615133,-5.476822175833394,0,0
412,2.902706397324242,-4.98332671003867,0,0
413,0.8916963316845544,-4.603068766533725,0,0
414,-1.8402920564942895,7.347755918748127,1,1
415,-2.7864899882309073,5.416070295674681,1,1
416,0.10167963027611915,5.772651237544194,1,1
417,-0.49637773619160197,-5.25614572212588,0,0
418,-1.6969149495199105,7.310880511551744,1,1
419,0.7132503809848157,-4.518667941496619,0,0
420,-1.8063779441424588,7.149864683456722,1,1
421,-1.3971613735169028,7.428888911084154,1,1
422,0.3122244102730285,-4.642011078367635,0,0
423,-2.456787451190283,6.4293669441819485,1,1
424,0.5396907564275789,-4.1471633035778135,0,0
425,0.11082021372827056,6.9745483653666165,1,1
426,-3.5785386803732515,7.529135759126786,1,1
427,1.616423022543085,-3.517955655012794,0,0
428,2.0155562743332984,-3.2726433240490085,0,0
429,0.9054064916739586,-5.88525297203522,0,0
430,-3.155211277436836,5.812250185787505,1,1
431,0.8932907390938527,-2.915076169769821,0,0
432,-1.5693463246301371,8.0013590929955,1,1
433,0.23212901717804824,-4.811115100683244,0,0
434,-1.088868716423754,-4.997096956431754,0,0
435,-1.6899715095052628,5.657765334616965,1,1
436,1.9588934631607868,-6.278953912677913,0,0
437,1.8984912621323873,-4.372897527431141,0,0
438,-0.8096029127026539,6.970082457108611,1,1
439,4.041489359781288,-1.0984087805266451,0,0
440,0.6351142742398135,-5.617023725534648,0,0
441,-1.8748821669988032,6.545402638433984,1,1
442,1.6477251394830046,-4.87073321447292,0,0
443,-2.453345773395861,6.107652455429228,1,1
444,-2.0401664993760633,6.61406442739423,1,1
445,0.6912019714747768,-3.92556479614779,0,0
446,-0.7839908929706421,7.777436758805835,1,1
447,0.08766465630568332,-4.898784424509321,0,0
448,-0.9154467584761803,5.762588315069793,1,1
449,-0.867971526614277,7.856906299013211,1,1
450,-1.7773908657545403,7.287950001894154,1,1
451,-1.2737527785842389,-5.116262439805586,0,0
452,-0.013699553663708786,-4.413973348636017,0,0
453,0.9983472911720108,-3.4832514334630904,0,0
454,-0.11261707058656256,6.033600672104212,1,1
455,-2.611556147819335,8.734762259012358,1,1
456,-2.0762894627330626,7.526265626167698,1,1
457,-0.06448462094252982,-5.106176852923304,0,0
458,-2.519563548597411,6.8114635636456375,1,1
459,-0.5144638018968308,8.399327311735286,1,1
460,-0.7179913230862688,6.921570596123291,1,1
461,-1.2723365372964728,7.6383088125043725,1,1
462,0.6987458181887903,-5.318310192319905,0,0
463,-1.0378067010271699,-6.441554914886318,0,0
464,-0.8570187250327074,7.133026440438589,1,1
465,2.427413692708411,-5.525301162752391,0,0
466,-0.7741340480524769,5.779192814465719,1,1
467,2.057721103848434,-6.123229124507681,0,0
468,2.3916836673988375,-4.502227957272625,0,0
469,-1.6819370497891994,5.049493049882869,1,1
470,-0.5264338795020531,-5.212610600836774,0,0
471,-2.095254349586563,7.672667373103623,1,1
472,-1.3003718905474237,6.964390267458782,1,1
473,-1.2228972377653382,7.181495588916311,1,1
474,0.7322220835421224,-3.798233204334985,0,0
475,0.7453131355548798,-3.5208157358107686,0,0
476,-0.15266939734906093,7.3802089243819315,1,1
477,0.272984996662607,-5.415424192906383,0,0
478,0.1636806360842855,-5.0239874192092495,0,0
479,-0.9581080036112692,6.060822411819534,1,1
480,2.992844235332426,-4.191870013535878,0,0
481,-0.9033699813347865,8.793018331298125,1,1
482,-0.04043988216514305,6.448488314814414,1,1
483,-1.0355233572454532,7.563917865301204,1,1
484,-1.0943494833888638,9.461440006575682,1,1
485,0.8781359752277063,-3.952323915838805,0,0
486,-0.6637347145983912,7.2190352128066495,1,1
487,1.2209054186624355,-4.38357483657606,0,0
488,-0.04249263460668584,6.727609473610587,1,1
489,0.9799214143614876,-1.893180265012616,0,0
490,-2.998991622054798,6.846677459356674,1,1
491,-2.1850095778408063,5.778175787223202,1,1
492,-0.07194732572545948,-5.260544662489948,0,0
493,1.8242488144675741,-3.2292917054887145,0,0
494,1.160931399391088,-4.896593560139994,0,0
495,-1.488221334988304,6.633232307410284,1,1
496,-1.7544605042451231,6.199171904487687,1,1
497,-1.076441446476172,-4.168681074473636,0,0
498,-0.9697483080023123,6.4003252720091055,1,1
499,-0.026469268882945762,7.433994114038159,1,1
500,-2.1660271701885305,6.4226094523816215,1,1
501,1.0904896452647572,-5.1175340333713075,0,0
502,0.566302395369592,7.562402845755255,1,1
503,-0.7896570463313757,5.611018086778162,1,1
504,0.1358381260825422,-5.144353883640765,0,0
505,-2.0424894439048997,7.447045474726109,1,1
506,-1.6136998305923986,6.970825022208864,1,1
507,0.7040734331432523,-3.216031707759168,0,0
508,1.6989183995141717,-5.310880465665807,0,0
509,0.9746964581186185,-3.89035496493716,0,0
510,-1.1929305884275494,6.754640679332965,1,1
511,0.7590248732516836,-4.490778415276638,0,0
512,-0.9282890120167503,7.00773091911593,1,1
513,0.7691797154583594,-4.1933524372495095,0,0
514,-1.552933168575074,7.731544266229898,1,1
515,-1.2219671071498808,7.705714288652352,1,1
516,-2.747518580037899,9.031068247993186,1,1
517,-2.6180198254761997,8.05864838077176,1,1
518,0.38553352125777096,-3.9080644518895444,0,0
519,-0.06476210631492785,-4.302191380870252,0,0
520,0.11174653022487324,-3.6161582871047915,0,0
521,0.35185979411204804,6.971202341312178,1,1
522,0.2783902490715898,-5.246037122700873,0,0
523,-3.1121327151811675,6.835039631382214,1,1
524,-2.550976903635142,4.9960879065763,1,1
525,-2.147688920028244,6.190783426155528,1,1
526,1.169148299607374,-6.117512259809257,0,0
527,1.0032166120667592,-4.59686533226126,0,0
528,0.73850227680564,-4.603442705811516,0,0
529,1.615154490918456,-4.0029358622614675,0,0
530,0.5418607766170062,-4.3769362832693,0,0
531,0.8498864887146955,-5.022194366043148,0,0
532,1.0610160276426153,-4.781071228776447,0,0
533,-2.3443521697708523,7.793904718900481,1,1
534,0.8812518723771795,-4.279382270410739,0,0
535,2.1384103805118198,-4.401734545143439,0,0
536,0.20616112089339467,-0.9673851496447603,0,1
537,1.3000529585558906,7.071368358048128,1,1
538,2.539890024433977,-4.745620029699831,0,0
539,0.6162196966060958,-5.275048036375375,0,0
540,1.0044963724127436,-4.769950709260806,0,0
541,-1.4299381759290248,7.3847564112316535,1,1
542,0.5696631647269813,-4.834902219721259,0,0
543,-1.948752904253566,7.525510263227214,1,1
544,1.270816348483752,-3.837420783450557,0,0
545,-2.2413132268756124,7.491837001830601,1,1
546,-1.4231541284795017,6.404476677282376,1,1
547,0.5492914128589081,-6.51688318167897,0,0
548,-2.2781542994634227,5.598494931195534,1,1
549,-1.4539616968752866,8.45931525501631,1,1
550,0.670301545558113,-5.28728508740365,0,0
551,-0.6483316599009936,-4.103329792829218,0,0
552,-0.34915529482170604,-4.589877465499215,0,0
553,0.8545409177888577,-4.056715470796122,0,0
554,2.4714708321683005,-3.4197160671690607,0,0
555,1.646921235142376,-4.004379427527336,0,0
556,2.1455508676842037,-4.878200561930653,0,0
557,-0.8824525534650848,6.050913977601013,1,1
558,-1.4371593161644034,-4.270456698362041,0,0
559,-3.4470128128288686,6.121278024335343,1,1
560,0.6293859665046291,-5.861679196572368,0,0
561,-1.1190639242560936,8.288048724388693,1,1
562,-1.8490253850152787,6.430145862468422,1,1
563,-1.1358436843161457,5.950770249211615,1,1
564,0.4618730266306188,4.701013843353378,1,1
565,-1.8801369401950567,4.969434381219269,1,1
566,-2.320670475557649,6.790786588408744,1,1
567,-1.5996050252907532,8.209950940987019,1,1
568,1.2595374550912284,-4.105366945147626,0,0
569,0.8844217041599575,-4.642200250580226,0,0
570,-0.15751142645634797,6.25053410429809,1,1
571,-1.1556646942014202,-4.378900550457987,0,0
572,1.6585269262915827,-3.340796390908616,0,0
573,-2.2111293322773813,7.412308996885229,1,1
574,0.6479682720513171,-4.684882338571058,0,0
575,-2.087420902103788,6.652311531411303,1,1
576,1.0079610415803235,-3.720073357749442,0,0
577,-3.7909539777114247,6.28389157047925,1,1
578,-0.22369882911643613,-3.8677553854019666,0,0
579,-0.45647926012092155,-4.1942276528690705,0,0
580,1.106173092771012,-4.2607534729537715,0,0
581,-0.604558290426459,-3.7803020997595054,0,0
582,-3.878628360048891,5.973941823764734,1,1
583,0.08170380540746636,-3.064507078989556,0,0
584,-1.7724612188157969,10.093005600371447,1,1
585,3.5155178251024113,-4.2993220560966465,0,0
586,3.1667527765329844,-4.597821850764809,0,0
587,-1.6647909939673986,6.826872393596607,1,1
588,-1.3036065285323928,7.437138763064922,1,1
589,0.0774407520567102,7.2959607612775494,1,1
590,-0.03053120389979358,7.371469006665132,1,1
591,-2.4633859065582655,7.35572975183703,1,1
592,-0.06114836208211616,-4.034195878514396,0,0
593,1.3954865234480107,-4.734363693010979,0,0
594,0.3572356423314158,-7.184649960802004,0,0
595,-0.4300186454749848,-3.5847485799991547,0,0
596,-0.05138039184871146,-4.144981176697714,0,0
597,-2.198189082675148,6.172462858860867,1,1
598,-2.7143640649144625,6.044390558228788,1,1
599,0.9857072920858729,-5.390780633705424,0,0
600,1.2237432247458995,-3.1044801849804253,0,0
601,0.9373497976538351,-5.5942142448523535,0,0
602,-0.3428501565199902,6.170589568763191,1,1
603,1.0010611162556127,-4.515510823128749,0,0
604,0.331458409006984,-3.609487896457594,0,0
605,1.2333242429952747,-4.109502796735289,0,0
606,-1.2876007361114412,7.79782617892368,1,1
607,0.8489760845202591,-3.4396706487867217,0,0
608,-2.6700987746136873,7.189944735437856,1,1
609,0.8370701382483828,-4.520296037949811,0,0
610,-0.48772298890274346,7.088517652296375,1,1
611,-4.328301187524698,7.72270020875481,1,1
612,-0.2264583537963869,-4.673961047676062,0,0
613,0.4579868266111366,-4.364486589888228,0,0
614,-0.6985886937590824,-3.527638176657396,0,0
615,-0.14293628513616197,-3.490105418952852,0,0
616,1.8778923781097352,-5.346032992962373,0,0
617,-0.2724408573156214,6.865755155689675,1,1
618,-0.9538417127952448,6.595806795059554,1,1
619,1.8593176866219498,-4.145399311925942,0,0
620,-1.1805730867847872,-3.6488262199436,0,0
621,-1.0605493507728692,6.072434785403067,1,1
622,-0.4170848230387374,6.571372448209774,1,1
623,1.9004447465983245,-2.815672395934371,0,0
624,2.811361099253305,-5.8800484104436626,0,0
625,0.8856990427424066,-3.6128061441042987,0,0
626,-2.171539460890193,6.5370182090562015,1,1
627,1.908816331101561,-5.188137387408738,0,0
628,2.454269774242544,-3.739221639607489,0,0
629,-1.5107070273544199,6.517225193672727,1,1
630,-2.379198891539771,6.28744156445915,1,1
631,-2.1798724112155847,6.54108246762432,1,1
632,-1.3415929942698286,7.038896127573565,1,1
633,-1.7396839915689648,8.780228700851637,1,1
634,0.5363217007665001,-5.121830276213831,0,0
635,-1.2297744275628772,7.3560665487871395,1,1
636,2.534003538611124,-5.812726594557156,0,0
637,1.3149250826157872,-4.284080312103512,0,0
638,-2.896362837632725,7.723813544855096,1,1
639,-1.7981885151821624,5.966024962266809,1,1
640,1.4072712810960186,-3.233788359607309,0,0
641,-0.2641240054207028,6.291005103537416,1,1
642,0.7474574673077083,7.260448526572129,1,1
643,1.572634263624608,-5.504347865711987,0,0
644,-1.81194802463414,4.803600400447391,1,1
645,-0.6581312426125664,8.470977267087715,1,1
646,0.9608752607866583,-4.242893506144491,0,0
647,0.12505942591233654,6.173851938177224,1,1
648,-1.9418599380704133,7.954978163210008,1,1
649,-2.642895456088154,6.731190914114703,1,1
650,1.3910966403400602,-4.448957700881564,0,0
651,0.3986926131313276,-5.8583685795704215,0,0
652,3.7520680875951467,-5.020801073264012,0,0
653,2.0655161836152325,-5.655117595520699,0,0
654,-0.268573875473078,-4.184117673243396,0,0
655,-1.7657635993475955,8.250148953232443,1,1
656,-2.2207742536654416,6.117834251809814,1,1
657,-1.115522106984869,-4.265475514419962,0,0
658,-1.0792902914737783,6.957130332664002,1,1
659,-0.8378531699188616,-4.063448341017072,0,0
660,1.6599780372371291,-5.750240023462723,0,0
661,-1.0803288984086719,8.244310514688173,1,1
662,-3.089247008916318,6.811138624768472,1,1
663,2.0437083165656444,-3.952916089666818,0,0
664,-2.6711301352540504,7.260752457838375,1,1
665,-2.5510801995633736,5.913582130483285,1,1
666,-2.2071787761663777,7.045900751393166,1,1
667,-0.25936031407358384,-4.208097877391308,0,0
668,-0.5809470920387514,-5.75532879848557,0,0
669,0.04049709831938497,-2.1404186523130875,0,0
670,1.8950202752190992,-5.864802909183004,0,0
671,0.7792411687354206,-5.127561421861396,0,0
672,-2.401238951007552,5.848437261946994,1,1
673,-0.2980095186685263,5.350387853925374,1,1
674,-1.8863225272308304,6.463136280212766,1,1
675,3.589432445685872,-6.405476346202457,0,0
676,-1.2917557296884858,7.971463564551442,1,1
677,-0.13591697085951182,-5.744710829650722,0,0
678,-1.4786002329706283,5.156423373546124,1,1
679,2.2336890350119587,-4.991307633840834,0,0
680,-2.0149951065000358,6.029105361096155,1,1
681,-1.3534119878812154,-7.0183798871235155,0,0
682,-2.012092115180241,8.00925511584078,1,1
683,0.42996321311489133,-5.550930544379513,0,0
684,-2.024141569545831,-4.591203618234791,0,0
685,1.1951249923465275,-3.865278877559658,0,0
686,0.5026368431426818,-5.703635338970738,0,0
687,-0.7949523577489871,7.1191001611015805,1,1
688,1.9368845165711834,-4.927786252967239,0,0
689,2.704406996129922,-4.292944719635444,0,0
690,-1.6049210873600595,7.233476216391406,1,1
691,1.4725223744085112,-5.339642715604777,0,0
692,-1.4038066627983596,-3.675007310471544,0,0
693,1.485858306595588,-1.5468605027318008,0,0
694,1.6268202799083618,-5.531216533694212,0,0
695,-2.532087199170591,7.527902815201142,1,1
696,0.8754133990482117,-5.04555103360224,0,0
697,-0.8732356634829038,6.77520621799367,1,1
698,0.07641695662660863,8.921301880336115,1,1
699,-2.2187882794806058,6.150633473068216,1,1
700,-0.9283852750286472,8.456246070179851,1,1
701,-1.9190221741666145,6.542204918306331,1,1
702,0.9769708257172232,-4.404328663301004,0,0
703,0.45566501420531613,-4.848078327635722,0,0
704,-2.54566375956073,7.253941076471172,1,1
705,-1.5678380399396883,7.973326233711548,1,1
706,-2.604516674576396,6.548168382710849,1,1
707,-2.23562349744315,8.123228139638783,1,1
708,1.641539833363518,-3.444403449637614,0,0
709,0.7716239223851558,8.049042533453669,1,1
710,-0.8774001082930192,7.545543835855792,1,1
711,1.1933051281361193,-5.08689315193201,0,0
712,-0.9597175879602992,8.200360475994604,1,1
713,-0.4282929713308421,-4.337472854558624,0,0
714,1.251887684201184,-3.0978815403969344,0,0
715,0.025582843345481554,-5.185557902416651,0,0
716,-0.7498522782060075,6.686900914544981,1,1
717,2.712622042074985,-4.768755926601034,0,0
718,0.15838694294908762,7.583240137741181,1,1
719,-1.4402781010608012,7.362174642780107,1,1
720,-1.3898441460674467,7.295857591606896,1,1
721,1.7557706166455738,-4.343962507550551,0,0
722,-0.488300213042004,-5.665046812039003,0,0
723,0.2845037854966439,-3.615765226438298,0,0
724,-1.8693517704544744,6.047867735116013,1,1
725,1.2904790562412867,-5.5266552291563125,0,0
726,0.015849885160822308,-4.487161927439217,0,0
727,-1.8007347752075789,7.457978901031147,1,1
728,-1.6186264090015334,7.165812775939075,1,1
729,-2.4289868685389315,5.250462896024074,1,1
730,-1.7589358086499973,4.361807745711133,1,1
731,0.8744164976366094,-3.8908996468498818,0,0
732,-3.627606873231557,7.450125860176627,1,1
733,0.5618924414494326,-4.889677637187724,0,0
734,0.41538554070222805,-3.745019511372753,0,0
735,-3.3252477542126613,7.634473643888259,1,1
736,1.6122484038219769,-6.155805622089421,0,0
737,-0.40992765719672364,6.309785990942899,1,1
738,1.2925170840974123,-4.366167995793008,0,0
739,0.4617201458879884,-3.7484928087972658,0,0
740,1.2915561176569588,-4.592129663127408,0,0
741,-0.20414343655997547,-3.8871582684011887,0,0
742,-0.6859355768948637,8.850578090276155,1,1
743,0.3799878189028469,-3.8029174924938416,0,0
744,-2.940986634515571,4.625109444236963,1,1
745,0.6819171912764406,-2.434660780355344,0,0
746,-2.2757504057891653,4.659269858196446,1,1
747,-1.0608593974439244,6.339454486932965,1,1
748,1.7285742427242194,-4.679209597658144,0,0
749,-3.8158311261649525,6.086249613000979,1,1
750,-0.7265261541958787,6.866844779938205,1,1
751,-0.5560615333178748,4.6904191818225796,1,1
752,-2.2300301772809603,7.20922009342225,1,1
753,-2.1878990929173594,6.873510179350022,1,1
754,-1.9535020045802405,7.528067443370572,1,1
755,-0.6127546291553342,5.599380376036088,1,1
756,-1.0117397729463649,4.557249259675718,1,1
757,-1.755388960031833,6.219724027819726,1,1
758,0.13576102557091596,-5.080604411169289,0,0
759,1.336099524022073,-1.7236103507581588,0,0
760,-1.3768818974457127,5.961358903534723,1,1
761,-1.9121437819868445,8.281306412852581,1,1
762,-2.2083569969325274,7.185843871094166,1,1
763,-1.9304647947602551,4.302473258574889,1,1
764,1.5558585316141076,-4.0394541058749684,0,0
765,-2.179548098567848,7.691276508081354,1,1
766,0.4100718503166844,-3.997448810001185,0,0
767,0.10809377640570839,8.662384398070676,1,1
768,1.9936542888019069,-3.5055589993238243,0,0
769,-1.654701745991236,7.707213698276735,1,1
770,0.24322665047807646,-4.542607694044933,0,0
771,-1.0218334200407468,5.773533408663646,1,1
772,0.4919514682033723,-3.9722630874623936,0,0
773,0.4522824999786587,-5.791115234883877,0,0
774,1.199170518433767,-4.799108547571137,0,0
775,1.7341580086411141,-3.6413173177239218,0,0
776,0.5295183534296217,-4.829230983509726,0,0
777,-0.8265505018470671,7.251706381259049,1,1
778,1.061116325748705,6.839923719505245,1,1
779,-2.17278116627884,4.621452592666607,1,1
780,-1.940402329929209,9.389928264378144,1,1
781,-2.222278223915665,5.644440126588592,1,1
782,-3.7138751050948855,6.77215976919452,1,1
783,-0.31031537426349987,9.620543453747839,1,1
784,-0.40295914967492585,-3.503512184827386,0,0
785,-0.5678929183174277,6.2485605348226265,1,1
786,-1.6677166633454077,6.34724130176121,1,1
787,-1.2331452329737846,6.31025490985975,1,1
788,-1.8943041678420078,5.231012213436365,1,1
789,-1.4829339072157257,6.201647444323349,1,1
790,0.25146946413611415,-3.669428652064085,0,0
791,-2.0724040650892577,6.4260359483264375,1,1
792,0.8721076313528757,-3.9794180937641044,0,0
793,-0.07887721677092663,-6.701232260370178,0,0
794,-0.3455927035259052,-4.244475341068138,0,0
795,-2.641146569870595,9.422593567180765,1,1
796,2.623273001495792,-4.828177932983119,0,0
797,0.7882373939801885,8.171770592387416,1,1
798,-0.47699443036181943,6.108698124143043,1,1
799,-0.7333151057088769,-3.641586148438856,0,0
800,-2.386727889727914,6.54614210738707,1,1
801,-2.565928793021705,7.097777713298472,1,1
802,-0.7454796670028672,-2.9618984315119485,0,0
803,2.1944436761486443,-3.5056087741271096,0,0
804,-0.0661170017371342,-5.4950534350125055,0,0
805,-0.917308763806369,6.770340207449328,1,1
806,-0.5122554521322004,7.019251439098621,1,1
807,1.1854668117603766,-5.1850264758491145,0,0
808,-1.695453787139773,7.949565121211476,1,1
809,-0.23405086171220169,6.426535491334436,1,1
810,-0.6475291715877172,6.371502473859961,1,1
811,-1.2427833642083854,5.867451963904703,1,1
812,-3.4283186996523187,8.135057341444403,1,1
813,0.1407919301043723,-2.9142502281979006,0,0
814,2.0450513495100564,-5.598044031627648,0,0
815,0.4121304857743395,-4.10592059902441,0,0
816,-1.2439080616031883,7.4062169452932585,1,1
817,-0.11993389111647645,8.079178573353493,1,1
818,2.4123483973876407,-6.61776610138206,0,0
819,1.0823178832861398,-3.739916240992239,0,0
820,1.4117267680891432,-2.9077496975758157,0,0
821,-2.00687004404622,-4.961117934236743,0,0
822,2.390406603696988,-4.612575615773211,0,0
823,1.5309920509193546,-5.9806897091655005,0,0
824,1.4581249621344354,-3.3014311072038525,0,0
825,0.8847712092425781,-5.064044549683502,0,0
826,-1.2466999166021608,7.300451718973277,1,1
827,0.5470098451091563,-2.2503363872895754,0,0
828,1.6050940048375208,-3.996745045609167,0,0
829,1.0816889366495084,-5.697669992142876,0,0
830,0.7340112657108819,6.4125260475151125,1,1
831,-1.8674390293970586,7.334773720092254,1,1
832,2.4554200782921667,-3.744934681969195,0,0
833,-0.9730894643674084,-4.066519071956773,0,0
834,-2.370482237104515,6.536238188999959,1,1
835,-1.5670816583908291,6.371005585283244,1,1
836,-0.19795642234280408,-5.17565822043892,0,0
837,2.1316436721498473,-5.888717895653409,0,0
838,-0.14411238492667855,-3.5275594351911974,0,0
839,1.4085315911862217,-4.2919172416567495,0,0
840,-0.13632177303920678,5.966756885551825,1,1
841,0.00935512886690959,7.448021065264614,1,1
842,-0.6953235714799456,8.109582163519592,1,1
843,1.787642481577128,-4.993789640843844,0,0
844,1.557020197977253,-4.391337723921377,0,0
845,0.5482677887012204,-5.580353898000664,0,0
846,2.9428920037658743,-4.775909980306547,0,0
847,-1.3859484471134262,5.833293311948833,1,1
848,-1.98701704214373,7.7781958881742845,1,1
849,1.4079117548106144,-3.8894391180249364,0,0
850,-1.5874550632731999,7.020735332240029,1,1
851,-1.7465822304843115,7.219429897069297,1,1
852,-0.9733037409840285,5.516297030263153,1,1
853,1.841472546749373,-5.075093424873948,0,0
854,1.8171036123245685,-4.452009884086542,0,0
855,-1.089982398388558,-4.567413610114072,0,0
856,-2.246910346594669,6.888924442910458,1,1
857,1.4601221051796864,-4.86967671377565,0,0
858,-2.922688912750775,5.9501880342994795,1,1
859,2.120330398446611,-5.317340899362747,0,0
860,0.6261913946439561,6.8834774095448035,1,1
861,-2.8366966839142598,6.588418332740125,1,1
862,0.3353064630366992,-4.266970512068679,0,0
863,1.8494196227705402,-3.918393456729695,0,0
864,-1.891773550600469,7.868319894933945,1,1
865,1.218791650217325,-4.56468901283732,0,0
866,0.6572314818465816,-5.109527463952892,0,0
867,-1.1932345857293984,6.05502667463733,1,1
868,0.7359987974289895,-4.811348596580792,0,0
869,-0.9678088599136059,7.4661779110282716,1,1
870,0.01250467495417995,8.896194670482812,1,1
871,0.556751775250634,-5.857267886803772,0,0
872,-1.3819363744903106,6.066340083038305,1,1
873,-0.03715480495990087,-4.219546379027872,0,0
874,-1.384161284566089,6.915233713010779,1,1
875,-1.5388635356334341,5.650767116616822,1,1
876,0.6315164829595541,-3.453470962077835,0,0
877,-2.620282857049537,7.345968264167176,1,1
878,1.3954679686437221,-4.806915181871824,0,0
879,-2.140403775669859,8.751068186768237,1,1
880,-0.4491570016064268,6.365873143847684,1,1
881,2.07941734320427,-6.274846472158677,0,0
882,0.2797480209850012,6.510095271374028,1,1
883,-1.4151361858744904,8.078935219601565,1,1
884,-0.7685076670324843,5.89350923213735,1,1
885,-2.7814598529769565,6.652320331355647,1,1
886,0.6786030049961334,-4.1776108538506955,0,0
887,1.4505031004929059,-4.441069784324097,0,0
888,-0.7775091288029574,-4.262814778991153,0,0
889,-1.1322221609660308,6.1076215171971375,1,1
890,2.3559932679529454,-4.790429150476013,0,0
891,-4.128928788608346,7.48168797356794,1,1
892,-1.1470898813032178,-4.512152885058188,0,0
893,-1.063314021109739,-4.408396957520014,0,0
894,-2.2023297987164283,5.835514387239746,1,1
895,-0.9295387423488901,-5.094169241614268,0,0
896,-0.672517188733305,-2.3858983296419387,0,1
897,-1.8773080385397491,5.009234278890312,1,1
898,0.1511872180410041,6.131482398589556,1,1
899,0.5829179656966073,-3.952200886852556,0,0
900,-2.15146277257608,6.202900448896025,1,1
901,-1.6014562364663334,6.084962530480704,1,1
902,-0.6254763668125201,6.357042701740691,1,1
903,-0.2363520159478898,5.253281740472545,1,1
904,-0.793810885273498,8.246324011415147,1,1
905,-2.370018661302459,8.313401586255223,1,1
906,-1.824454930607677,7.556580079865212,1,1
907,1.769691094206729,-2.555469427486285,0,0
908,-0.5404348451745947,7.742209884147457,1,1
909,0.9444218015552566,8.377177639467964,1,1
910,-2.499159331891231,5.801681563949523,1,1
911,-0.3584685958324987,-3.077339736591237,0,0
912,-1.8754487777581348,9.170630630678977,1,1
913,-0.6603279159766292,6.178325517976925,1,1
914,0.4146991373882095,-3.8235127066941432,0,0
915,-3.776533140812165,7.854805810563952,1,1
916,0.03847109720926889,-3.272145927251783,0,0
917,0.26102007581727826,7.61163356074774,1,1
918,0.0825773974956151,-2.6978811149306,0,0
919,1.2818574842326882,-4.7776375721614,0,0
920,-1.040085947317295,-4.316078982065584,0,0
921,1.298712110953374,-5.623396552984268,0,0
922,-0.10813268600160186,-4.507764868542991,0,0
923,0.46301557189867326,-3.8961683612559517,0,0
924,-0.222877117195599,-4.959615718322739,0,0
925,1.1747346883979985,-6.266486033411516,0,0
926,-1.0988392660301594,5.732226770049216,1,1
927,-1.5205152378648013,-5.294411478029883,0,0
928,-1.0130158131220968,-4.250269570637035,0,0
929,1.2377099864930434,-4.913244460292968,0,0
930,1.4063449333238665,-5.2754728498330525,0,0
931,0.16486188475316343,-4.18840522732811,0,0
932,1.2277225792365882,-3.719864296934314,0,0
933,-1.8879900595573436,5.9176914747540454,1,1
934,2.151008592433778,-5.5625833439411965,0,0
935,-1.6388214743541478,7.72637524741682,1,1
936,0.23865297518997008,-4.734896722985776,0,0
937,-1.3414067992879988,6.7985028859766405,1,1
938,-0.813287979730549,-5.348832237294518,0,0
939,0.2892577148721134,-4.831896932668179,0,0
940,1.3343982041764981,-4.1626250594929886,0,0
941,1.092401688774086,-7.642567680102124,0,0
942,1.448672171613583,-5.537135390786371,0,0
943,-1.1654347219787549,4.897240558765828,1,1
944,-0.6587304946048896,6.8578778147927695,1,1
945,0.43081159327548424,-3.521137812993756,0,0
946,1.0142413779523838,-2.529195881932023,0,0
947,-0.8016538053834471,8.197132870933451,1,1
948,-2.3031564642478743,8.144035709509506,1,1
949,-2.686573076275325,6.705994864104976,1,1
950,-0.6635029872766416,-5.01055856511587,0,0
951,-1.332057429746116,6.918248429019278,1,1
952,0.23660813325782737,8.338610229852858,1,1
953,1.004160129325567,-4.230798434294017,0,0
954,1.4959865142654774,-3.4799070546147726,0,0
955,1.275805360795817,-5.260892690869644,0,0
956,-1.3611600972692899,-4.895342611766251,0,0
957,0.41217681660528843,-3.783439370869395,0,0
958,0.33180847339617037,-4.325469762851146,0,0
959,0.5763123894222937,-5.092751568966892,0,0
960,-1.6248045282138264,6.9060593438452695,1,1
961,-0.77644710331733,5.100300314961297,1,1
962,-2.2955243432283927,8.214542652032174,1,1
963,-0.28962121030685073,-3.366786068331523,0,0
964,-0.9962965643368729,7.455127642544633,1,1
965,-0.4923290163911631,6.506415105851643,1,1
966,0.7418976521057317,-2.4423386483699865,0,0
967,-2.5081142567017114,6.639547432305437,1,1
968,1.2245297297733981,-3.40133010132211,0,0
969,1.7808270944942128,-5.318007495355561,0,0
970,2.8871849525491697,-3.6852088798841227,0,0
971,-0.19969586126409689,6.209126780879595,1,1
972,0.42194497638691153,-5.672532626410003,0,0
973,-3.2173930277462404,7.389090647188129,1,1
974,0.7912584961141119,-5.126000149234562,0,0
975,2.1082886540314285,-4.329183280307889,0,0
976,2.5206844772181194,-5.2754319857239995,0,0
977,0.03090734596259681,8.581762921473581,1,1
978,-0.09761682662796867,-3.423122526255669,0,0
979,-2.4902304025872124,8.066606150016725,1,1
980,-1.4633206277064916,6.84017157914194,1,1
981,-3.121598524387034,7.278181208012334,1,1
982,2.808721640487173,-5.474486669215244,0,0
983,1.5408196415289697,-4.537023441514705,0,0
984,2.6279199361802084,-3.341281390595011,0,0
985,-0.22661741030870752,7.5802858018890396,1,1
986,-0.2131597353958803,-4.495691094829146,0,0
987,-0.9527599822525642,4.240981213384401,1,1
988,-1.811947504040342,6.357211252712266,1,1
989,-2.3667307354113825,7.5631107386341485,1,1
990,1.6211610235112874,-6.042051194297032,0,0
991,0.37037215136245943,-4.442459585595558,0,0
992,2.584601610054434,-4.2534883934243695,0,0
993,-2.3055972678786882,6.699746183252677,1,1
994,1.4360422174692444,-4.534250272505921,0,0
995,-2.283244158347745,7.576239078032991,1,1
996,1.7441500212316163,-2.276392304776064,0,0
997,-1.6422628388345448,8.141449973596753,1,1
998,-0.8970950148633414,-2.985008245229723,0,0
999,1.9010168817353705,-6.422434538062369,0,0
